{ "_id" : { "$oid" : "4c4b1476238d3b4dd5000041" }, "product_id" : { "$oid" : "4c4b1476238d3b4dd5003981" }, "date" : { "$date" : "2010-06-07T00:00:00.000-0700" }, "title" : "Amazing", "text" : "Has a squeaky wheel, but still a darn good wheel barrow.", "rating" : 4, "user_id" : { "$oid" : "4c4b1476238d3b4dd5000001" }, "username" : "dgreenthumb", "helpful_votes" : 3, "voter_ids" : [ { "$oid" : "4c4b1476238d3b4dd5000041" }, { "$oid" : "7a4f0376238d3b4dd5000003" }, { "$oid" : "92c21476238d3b4dd5000032" } ] }
{ "_id" : { "$oid" : "4c4b1476238d3b4dd5000042" }, "product_id" : { "$oid" : "4c4b1476238d3b4dd5003982" }, "user_id" : { "$oid" : "4c4b1476238d3b4dd5000001" }, "rating" : 3, "helpful_votes" : 7 }
{ "_id" : { "$oid" : "4c4b1476238d3b4dd5000043" }, "product_id" : { "$oid" : "4c4b1476238d3b4dd5003981" }, "user_id" : { "$oid" : "4c4b1476238d3b4dd5000002" }, "rating" : 5, "helpful_votes" : 7 }
{ "_id" : { "$oid" : "4c4b1476238d3b4dd5000044" }, "product_id" : { "$oid" : "4c4b1476238d3b4dd5003982" }, "user_id" : { "$oid" : "4c4b1476238d3b4dd5000002" }, "rating" : 4, "helpful_votes" : 1 }
{ "_id" : { "$oid" : "4c4b1476238d3b4dd5000045" }, "product_id" : { "$oid" : "4c4b1476238d3b4dd5003981" }, "user_id" : { "$oid" : "4c4b1476238d3b4dd5000003" }, "rating" : 4, "helpful_votes" : 10 }
