{ "_id" : { "$oid" : "4c4b1476238d3b4dd5003981" }, "slug" : "wheel-barrow-9092", "sku" : "9092", "name" : "Extra Large Wheel Barrow", "description" : "Heavy duty wheel barrow...", "details" : { "weight" : 47, "weight_units" : "lbs", "model_num" : 4039283402, "manufacturer" : "Acme", "color" : "Green" }, "total_reviews" : 4, "average_review" : 4.5, "pricing" : { "retail" : 5897, "sale" : 4897 }, "price_history" : [ { "retail" : 5297, "sale" : 4297, "start" : { "$date" : "2010-05-01T00:00:00.000-0700" }, "end" : { "$date" : "2010-05-08T00:00:00.000-0700" } }, { "retail" : 5297, "sale" : 5297, "start" : { "$date" : "2010-05-09T00:00:00.000-0700" }, "end" : { "$date" : "2010-05-16T00:00:00.000-0700" } } ], "category_ids" : [ { "$oid" : "6a5b1476238d3b4dd5000048" }, { "$oid" : "6a5b1476238d3b4dd5000049" } ], "main_cat_id" : { "$oid" : "6a5b1476238d3b4dd5000048" }, "tags" : [ "tools", "gardening", "soil" ] }
{ "_id" : { "$oid" : "4c4b1476238d3b4dd5003982" }, "slug" : "rubberized-work-gloves-black-10027", "sku" : "10027", "name" : "Rubberized Work Glove, Black", "description" : "Black Rubberized Work Gloves...", "details" : { "weight" : 5, "weight_units" : "oz", "model_num" : 4039, "manufacturer" : "GloveCo", "color" : "black" }, "total_reviews" : 4, "average_review" : 4.5, "pricing" : { "retail" : 1499, "sale" : 1299 }, "price_history" : [ { "retail" : 1399, "sale" : 1199, "start" : { "$date" : "2010-05-01T00:00:00.000-0700" }, "end" : { "$date" : "2010-05-08T00:00:00.000-0700" } } ], "category_ids" : [ { "$oid" : "6a5b1476238d3b4dd5000048" }, { "$oid" : "6a5b1476238d3b4dd5000049" } ], "main_cat_id" : { "$oid" : "6a5b1476238d3b4dd5000048" }, "tags" : [ "gardening" ] }
