{ "_id" : { "$oid" : "4c4b1476238d3b4dd5000001" }, "username" : "kbanker", "email" : "kylebanker@gmail.com", "first_name" : "Kyle", "last_name" : "Banker", "hashed_password" : "bd1cfa194c3a603e7186780824b04419", "addresses" : [ { "name" : "home", "street" : "588 5th Street", "city" : "Brooklyn", "state" : "NY", "zip" : 11215 }, { "name" : "work", "street" : "1 E. 23rd Street", "city" : "New York", "state" : "NY", "zip" : 10010 } ], "payment_methods" : [ { "name" : "VISA", "last_four" : 2127, "crypted_number" : "43f6ba1dfda6b8106dc7", "expiration_date" : { "$date" : "2016-05-01T00:00:00.000-0700" } } ] }
{ "_id" : { "$oid" : "4c4b1476238d3b4dd5000002" }, "username" : "pbakkum", "first_name" : "Peter", "last_name" : "Bakkum" }
{ "_id" : { "$oid" : "4c4b1476238d3b4dd5000003" }, "username" : "thawkins", "first_name" : "Tim", "last_name" : "Hawkins" }
{ "_id" : { "$oid" : "4c4b1476238d3b4dd5000004" }, "username" : "sverch", "first_name" : "Shaun", "last_name" : "Verch" }
{ "_id" : { "$oid" : "4c4b1476238d3b4dd5000005" }, "username" : "dgarrett", "first_name" : "Doug", "last_name" : "Garrett" }
