{ "_id" : { "$oid" : "6a5b1476238d3b4dd5000048" }, "user_id" : { "$oid" : "4c4b1476238d3b4dd5000001" }, "purchase_data" : { "$date" : "2014-08-01T00:00:00.000-0700" }, "state" : "CART", "line_items" : [ { "_id" : { "$oid" : "4c4b1476238d3b4dd5003981" }, "sku" : "9092", "name" : "Extra Large Wheel Barrow", "quantity" : 1, "pricing" : { "retail" : 5897, "sale" : 4897 } }, { "_id" : { "$oid" : "4c4b1476238d3b4dd5003982" }, "sku" : "10027", "name" : "Rubberized Work Glove, Black", "quantity" : 1, "pricing" : { "retail" : 1499, "sale" : 1299 } } ], "shipping_address" : { "street" : "588 5th Street", "city" : "Brooklyn", "state" : "NY", "zip" : 11215 }, "sub_total" : 6196, "tax" : 600 }
{ "_id" : { "$oid" : "6a5b1476238d3b4dd5000049" }, "user_id" : { "$oid" : "4c4b1476238d3b4dd5000002" }, "purchase_data" : { "$date" : "2014-04-15T00:00:00.000-0700" }, "line_items" : [ { "_id" : { "$oid" : "4c4b1476238d3b4dd5003981" }, "sku" : "9092", "name" : "Extra Large Wheel Barrow", "quantity" : 1, "pricing" : { "retail" : 5897, "sale" : 4897 } } ], "shipping_address" : { "street" : "509 Amsterdam Av", "city" : "New York", "state" : "NY", "zip" : 10024 }, "sub_total" : 4897 }
{ "_id" : { "$oid" : "6a5b1476238d3b4dd5000050" }, "user_id" : { "$oid" : "4c4b1476238d3b4dd5000002" }, "purchase_data" : { "$date" : "2009-08-01T00:00:00.000-0700" }, "line_items" : [ { "_id" : { "$oid" : "4c4b1476238d3b4dd5003981" }, "sku" : "9092", "name" : "Extra Large Wheel Barrow", "quantity" : 1, "pricing" : { "retail" : 5897, "sale" : 4897 } } ], "shipping_address" : { "street" : "509 Amsterdam Av", "city" : "New York", "state" : "NY", "zip" : 10024 }, "sub_total" : 4897 }
{ "_id" : { "$oid" : "6a5b1476238d3b4dd5000051" }, "user_id" : { "$oid" : "4c4b1476238d3b4dd5000002" }, "purchase_data" : { "$date" : "2014-08-03T00:00:00.000-0700" }, "line_items" : [ { "_id" : { "$oid" : "4c4b1476238d3b4dd5003981" }, "sku" : "9092", "name" : "Extra Large Wheel Barrow", "quantity" : 1, "pricing" : { "retail" : 5897, "sale" : 4897 } } ], "shipping_address" : { "street" : "509 Amsterdam Av", "city" : "New York", "state" : "NY", "zip" : 10024 }, "sub_total" : 4897 }
{ "_id" : { "$oid" : "6a5b1476238d3b4dd5000052" }, "user_id" : { "$oid" : "4c4b1476238d3b4dd5000002" }, "purchase_data" : { "$date" : "2014-11-03T00:00:00.000-0800" }, "line_items" : [ { "_id" : { "$oid" : "4c4b1476238d3b4dd5003981" }, "sku" : "9092", "name" : "Extra Large Wheel Barrow", "quantity" : 1, "pricing" : { "retail" : 5897, "sale" : 4897 } } ], "shipping_address" : { "street" : "509 Amsterdam Av", "city" : "New York", "state" : "NY", "zip" : 10024 }, "sub_total" : 4897 }
